batch_size,named_list,epoch,train_accuracy,train_loss,validation_accuracy,validation_loss
64,3e-05,50,94.14577709217123,0.16020300404485224,92.15565163681285,0.21322466566925868
64,3e-05,51,94.23833397608948,0.16090069246923394,93.20568252007412,0.1866128898892874
64,3e-05,52,94.13035094485153,0.1545443300506458,92.58801729462631,0.21153551942216625
64,3e-05,53,94.13806401851137,0.1596612752658393,92.58801729462631,0.21592028113529801
64,3e-05,54,94.43887389124566,0.15278223973556693,92.52625077208153,0.2047037719099675
64,3e-05,55,94.7473968376398,0.15135499104637232,92.89684990735022,0.2077582465510484
64,3e-05,56,94.19205553413035,0.15874085586352887,92.83508338480543,0.1956359235851918
